Account,Campaign,Ad Group,Keyword,Match Type,Max CPC
675-556-7629,Search - Gia dung Nhat (Ban hang),Tu lanh Hitachi,tủ lạnh hitachi nội địa nhật,Exact,12000
675-556-7629,Search - Gia dung Nhat (Ban hang),Tu lanh Hitachi,tủ lạnh hitachi r-wxc74x-x,Exact,15000
675-556-7629,Search - Gia dung Nhat (Ban hang),Tu lanh Hitachi,tủ lạnh hitachi r-wxc74x-x,Phrase,12000
675-556-7629,Search - Gia dung Nhat (Ban hang),Tu lanh Hitachi,tủ lạnh hitachi nhật bản,Phrase,10000
675-556-7629,Search - Gia dung Nhat (Ban hang),Tu lanh Hitachi,tủ lạnh hitachi 6 cánh nội địa nhật,Phrase,10000
675-556-7629,Search - Gia dung Nhat (Ban hang),Tu lanh Hitachi,tủ lạnh hitachi 735l,Phrase,9000
675-556-7629,Search - Gia dung Nhat (Ban hang),Tu lanh Hitachi,tủ lạnh hitachi hút chân không,Phrase,8000
675-556-7629,Search - Gia dung Nhat (Ban hang),Tu lanh Hitachi,mua tủ lạnh hitachi nội địa nhật,Phrase,8000
675-556-7629,Search - Gia dung Nhat (Ban hang),Tu lanh Hitachi,tủ lạnh hitachi r-wxc74x-x giá bao nhiêu,Phrase,10000
675-556-7629,Search - Gia dung Nhat (Ban hang),Tu lanh Hitachi,giá tủ lạnh hitachi nội địa nhật,Phrase,9000
675-556-7629,Search - Gia dung Nhat (Ban hang),Tu lanh Hitachi,tủ lạnh nhật 700 lít,Phrase,7000
675-556-7629,Search - Gia dung Nhat (Ban hang),Tu lanh Hitachi,tủ lạnh nội địa nhật cao cấp,Phrase,7000
675-556-7629,Search - Gia dung Nhat (Ban hang),Tu lanh Hitachi,tủ lạnh hitachi chính hãng,Phrase,8000
675-556-7629,Search - Gia dung Nhat (Ban hang),Tu lanh Hitachi,tủ lạnh hitachi 735l 6 cánh,Exact,11000
675-556-7629,Search - Gia dung Nhat (Ban hang),Tu lanh Hitachi,tủ lạnh 6 cánh nội địa nhật,Exact,9000
675-556-7629,Search - Gia dung Nhat (Ban hang),Tu lanh Hitachi,tủ lạnh nhật 6 cửa cao cấp,Phrase,7000
675-556-7629,Search - Gia dung Nhat (Ban hang),Tu lanh Hitachi,tủ lạnh hitachi photocatalyst,Phrase,7000
675-556-7629,Search - Gia dung Nhat (Ban hang),Tu lanh Hitachi,tủ lạnh frost recycling nhật bản,Phrase,6000
675-556-7629,Search - Gia dung Nhat (Ban hang),Bep tu Nhat,bếp từ nội địa nhật,Exact,6000
675-556-7629,Search - Gia dung Nhat (Ban hang),Bep tu Nhat,bếp từ nhật bản,Phrase,5500
675-556-7629,Search - Gia dung Nhat (Ban hang),Bep tu Nhat,bếp từ panasonic nội địa nhật,Phrase,6000
675-556-7629,Search - Gia dung Nhat (Ban hang),Bep tu Nhat,bếp từ hitachi nội địa nhật,Phrase,6000
675-556-7629,Search - Gia dung Nhat (Ban hang),Bep tu Nhat,bếp từ mitsubishi nhật,Phrase,5500
675-556-7629,Search - Gia dung Nhat (Ban hang),Bep tu Nhat,mua bếp từ nội địa nhật,Phrase,5500
675-556-7629,Search - Gia dung Nhat (Ban hang),Bep tu Nhat,bếp từ đơn nội địa nhật,Phrase,5000
675-556-7629,Search - Gia dung Nhat (Ban hang),Bep tu Nhat,bếp từ 3 vùng nấu nhật,Phrase,5000
675-556-7629,Search - Gia dung Nhat (Ban hang),Bep tu Nhat,giá bếp từ nội địa nhật,Phrase,5000
675-556-7629,Search - Gia dung Nhat (Ban hang),Bep tu Nhat,bếp từ panasonic kz-l32as,Exact,7000
675-556-7629,Search - Gia dung Nhat (Ban hang),Bep tu Nhat,bếp từ hitachi ht-n8ktwf,Exact,7000
675-556-7629,Search - Gia dung Nhat (Ban hang),Bep tu Nhat,bếp từ nội địa nhật chính hãng,Phrase,5000
675-556-7629,Search - Gia dung Nhat (Ban hang),Noi com dien Nhat,nồi cơm điện nội địa nhật,Exact,5500
675-556-7629,Search - Gia dung Nhat (Ban hang),Noi com dien Nhat,nồi cơm cao tần nhật,Phrase,5500
675-556-7629,Search - Gia dung Nhat (Ban hang),Noi com dien Nhat,nồi cơm zojirushi nội địa nhật,Phrase,6000
675-556-7629,Search - Gia dung Nhat (Ban hang),Noi com dien Nhat,nồi cơm tiger nhật bản,Phrase,5500
675-556-7629,Search - Gia dung Nhat (Ban hang),Noi com dien Nhat,nồi cơm panasonic nội địa nhật,Phrase,5500
675-556-7629,Search - Gia dung Nhat (Ban hang),Noi com dien Nhat,nồi cơm áp suất cao tần nhật,Phrase,5000
675-556-7629,Search - Gia dung Nhat (Ban hang),Noi com dien Nhat,mua nồi cơm nhật nội địa,Phrase,5000
675-556-7629,Search - Gia dung Nhat (Ban hang),Noi com dien Nhat,giá nồi cơm zojirushi nội địa nhật,Phrase,5500
675-556-7629,Search - Gia dung Nhat (Ban hang),Noi com dien Nhat,nồi cơm ih áp suất nhật,Phrase,5000
675-556-7629,Search - Gia dung Nhat (Ban hang),Noi com dien Nhat,nồi cơm nội địa nhật chính hãng,Phrase,4500
675-556-7629,Search - Gia dung Nhat (Ban hang),May giat Nhat,máy giặt nội địa nhật,Exact,6000
675-556-7629,Search - Gia dung Nhat (Ban hang),May giat Nhat,máy giặt nhật bản,Phrase,5500
675-556-7629,Search - Gia dung Nhat (Ban hang),May giat Nhat,máy giặt hitachi nội địa nhật,Phrase,6500
675-556-7629,Search - Gia dung Nhat (Ban hang),May giat Nhat,máy giặt panasonic nội địa nhật,Phrase,6000
675-556-7629,Search - Gia dung Nhat (Ban hang),May giat Nhat,máy giặt toshiba nội địa nhật,Phrase,6000
675-556-7629,Search - Gia dung Nhat (Ban hang),May giat Nhat,máy giặt nhật lồng đứng,Phrase,5500
675-556-7629,Search - Gia dung Nhat (Ban hang),May giat Nhat,máy giặt nhật lồng ngang,Phrase,5500
675-556-7629,Search - Gia dung Nhat (Ban hang),May giat Nhat,mua máy giặt nội địa nhật,Phrase,5500
675-556-7629,Search - Gia dung Nhat (Ban hang),May giat Nhat,giá máy giặt nội địa nhật,Phrase,5500
675-556-7629,Search - Gia dung Nhat (Ban hang),May giat Nhat,máy giặt nhật 12kg nội địa,Phrase,5000
675-556-7629,Search - Gia dung Nhat (Ban hang),May giat Nhat,máy giặt sấy khô nhật nội địa,Phrase,5000
675-556-7629,Search - Gia dung Nhat (Ban hang),May giat Nhat,máy giặt hitachi bd-nx120fr,Exact,7000
675-556-7629,Search - Gia dung Nhat (Ban hang),May loc khong khi Nhat,máy lọc không khí nội địa nhật,Exact,5000
675-556-7629,Search - Gia dung Nhat (Ban hang),May loc khong khi Nhat,máy lọc khí nhật bản,Phrase,4500
675-556-7629,Search - Gia dung Nhat (Ban hang),May loc khong khi Nhat,máy lọc không khí panasonic nhật,Phrase,5000
675-556-7629,Search - Gia dung Nhat (Ban hang),May loc khong khi Nhat,máy lọc không khí sharp nhật,Phrase,5000
675-556-7629,Search - Gia dung Nhat (Ban hang),May loc khong khi Nhat,máy lọc không khí daikin nhật,Phrase,5000
675-556-7629,Search - Gia dung Nhat (Ban hang),May loc khong khi Nhat,mua máy lọc không khí nội địa nhật,Phrase,4500
675-556-7629,Search - Gia dung Nhat (Ban hang),May loc khong khi Nhat,máy lọc không khí nhật diệt khuẩn,Phrase,4500
675-556-7629,Search - Gia dung Nhat (Ban hang),May loc khong khi Nhat,máy lọc khí nhật tạo ion,Phrase,4000
675-556-7629,Search - Gia dung Nhat (Ban hang),May loc khong khi Nhat,giá máy lọc không khí nội địa nhật,Phrase,4500
675-556-7629,Search - Gia dung Nhat (Ban hang),May loc khong khi Nhat,máy lọc không khí nhật 40m2,Phrase,4000
675-556-7629,Search - Gia dung Nhat (Ban hang),May hut bui Dyson,máy hút bụi dyson nội địa nhật,Exact,8000
675-556-7629,Search - Gia dung Nhat (Ban hang),May hut bui Dyson,dyson nội địa nhật,Phrase,7500
675-556-7629,Search - Gia dung Nhat (Ban hang),May hut bui Dyson,máy hút bụi dyson nhật bản,Phrase,7000
675-556-7629,Search - Gia dung Nhat (Ban hang),May hut bui Dyson,dyson v12 nhật,Phrase,8000
675-556-7629,Search - Gia dung Nhat (Ban hang),May hut bui Dyson,dyson v10 nội địa nhật,Phrase,7500
675-556-7629,Search - Gia dung Nhat (Ban hang),May hut bui Dyson,mua dyson nội địa nhật,Phrase,7000
675-556-7629,Search - Gia dung Nhat (Ban hang),May hut bui Dyson,giá dyson nội địa nhật,Phrase,7000
675-556-7629,Search - Gia dung Nhat (Ban hang),May hut bui Dyson,máy hút bụi không dây nhật cao cấp,Phrase,6000
675-556-7629,Search - Gia dung Nhat (Ban hang),May hut bui Dyson,dyson chính hãng nhật bản,Phrase,7000
675-556-7629,Search - Gia dung Nhat (Ban hang),May hut bui Dyson,máy hút bụi dyson v15 nhật,Exact,9000
675-556-7629,Search - Gia dung Nhat (Ban hang),May rua bat Nhat,máy rửa bát nội địa nhật,Exact,6000
675-556-7629,Search - Gia dung Nhat (Ban hang),May rua bat Nhat,máy rửa bát nhật bản,Phrase,5500
675-556-7629,Search - Gia dung Nhat (Ban hang),May rua bat Nhat,máy rửa bát panasonic nội địa nhật,Phrase,6000
675-556-7629,Search - Gia dung Nhat (Ban hang),May rua bat Nhat,máy rửa bát panasonic np-tz500,Exact,7000
675-556-7629,Search - Gia dung Nhat (Ban hang),May rua bat Nhat,máy rửa bát panasonic np-tz300,Exact,6500
675-556-7629,Search - Gia dung Nhat (Ban hang),May rua bat Nhat,mua máy rửa bát nhật,Phrase,5500
675-556-7629,Search - Gia dung Nhat (Ban hang),May rua bat Nhat,giá máy rửa bát nội địa nhật,Phrase,5500
675-556-7629,Search - Gia dung Nhat (Ban hang),May rua bat Nhat,máy rửa bát để bàn nhật,Phrase,5000
675-556-7629,Search - Gia dung Nhat (Ban hang),May rua bat Nhat,máy rửa bát nhật tiết kiệm nước,Phrase,4500
675-556-7629,Search - Gia dung Nhat (Ban hang),May loc nuoc Nhat,máy lọc nước nội địa nhật,Exact,5500
675-556-7629,Search - Gia dung Nhat (Ban hang),May loc nuoc Nhat,máy lọc nước panasonic nhật,Phrase,6000
675-556-7629,Search - Gia dung Nhat (Ban hang),May loc nuoc Nhat,máy lọc nước ion kiềm nhật,Phrase,5500
675-556-7629,Search - Gia dung Nhat (Ban hang),May loc nuoc Nhat,máy lọc nước panasonic tk-as48,Exact,7000
675-556-7629,Search - Gia dung Nhat (Ban hang),May loc nuoc Nhat,mua máy lọc nước nội địa nhật,Phrase,5000
675-556-7629,Search - Gia dung Nhat (Ban hang),May loc nuoc Nhat,giá máy lọc nước ion kiềm nhật,Phrase,5000
675-556-7629,Search - Gia dung Nhat (Ban hang),May loc nuoc Nhat,máy lọc nước nhật gắn vòi,Phrase,4500
675-556-7629,Search - Gia dung Nhat (Ban hang),May loc nuoc Nhat,máy lọc nước điện giải nhật bản,Phrase,5000
675-556-7629,Search - Gia dung Nhat (Ban hang),May loc nuoc Nhat,máy lọc nước nhật bản chính hãng,Phrase,4500
